1,A000,情報通信機器を用いた初診を行った場合,情初,「初診」欄
2,A000,初診料の注２、注３に規定する紹介率等が低い保険医療機関において、他の保険医療機関等からの文書による紹介がない初診の場合,初減,「初診」欄
3,A000,初診料の注４に規定する妥結率が低い保険医療機関の場合,初妥減,「初診」欄
4,A000,初診料の注５のただし書に規定する２つ目の診療科において初診を行った場合,複初,「初診」欄
5,A000,初診料の注５のただし書に規定する２つ目の診療科において初診を行った場合（初診料の注２、注３に規定する紹介率等が低い保険医療機関の場合）,複初減,「初診」欄
6,A000,初診料の注５のただし書に規定する２つ目の診療科において初診を行った場合（初診料の注４に規定する妥結率が低い保険医療機関の場合）,複初妥減,「初診」欄
7,A000,時間外加算の特例を算定した場合,特,「初診」欄
8,A000,小児科を標榜する保険医療機関における夜間加算の特例を算定した場合,小特夜,「初診」欄
9,A000,小児科を標榜する保険医療機関における休日加算の特例を算定した場合,小特休,「初診」欄
10,A000,小児科を標榜する保険医療機関における深夜加算の特例を算定した場合,小特深,「初診」欄
11,A000,夜間・早朝等加算を算定した場合,夜早,「初診」欄
12,A000,外来感染対策向上加算を算定した場合,初感,「初診」欄
13,A000,発熱患者等対応加算を算定した場合,初熱対,「初診」欄
14,A000,連携強化加算を算定した場合,初連,「初診」欄
15,A000,サーベイランス強化加算を算定した場合,初サ,「初診」欄
16,A000,抗菌薬適正使用体制加算を算定した場合,初抗菌適,「初診」欄
17,A000,医療情報取得加算１を算定した場合,医情１,「初診」欄
18,A000,医療情報取得加算２を算定した場合,医情２,「初診」欄
19,A000,医療DＸ推進体制整備加算を算定した場合,医DX,「初診」欄
20,A001,情報通信機器を用いた再診を行った場合,情再,「再診」欄
21,A001,再診料の注２に規定する妥結率が低い保険医療機関の場合,再妥減,「再診」欄
22,A001,再診料の注３に規定する２つ目の診療科において再診を行った場合,複再,「再診」欄
23,A001,再診料の注３に規定する２つ目の診療科において再診を行った場合（再診料の注２に規定する妥結率が低い保険医療機関の場合）,複再妥減,「再診」欄
24,A001,夜間・早朝等加算を算定した場合,夜早,「再診」欄
25,A001,時間外対応加算１を算定した場合,時外１,「再診」欄
26,A001,時間外対応加算２を算定した場合,時外２,「再診」欄
27,A001,時間外対応加算３を算定した場合,時外３,「再診」欄
28,A001,時間外対応加算４を算定した場合,時外４,「再診」欄
29,A001,明細書発行体制等加算を算定した場合,明,「再診」欄
30,A001,地域包括診療加算１を算定した場合,再包１,「再診」欄
31,A001,地域包括診療加算２を算定した場合,再包２,「再診」欄
32,A001,認知症地域包括診療加算１を算定した場合,再認包１,「再診」欄
33,A001,認知症地域包括診療加算２を算定した場合,再認包２,「再診」欄
34,A001,地域包括診療加算又は認知症地域包括診療加算の薬剤適正使用連携加算を算定した場合,薬適連,「再診」欄
35,A001,外来感染対策向上加算を算定した場合,再感,「再診」欄
36,A001,発熱患者等対応加算を算定した場合,再熱対,「再診」欄
37,A001,連携強化加算を算定した場合,再連,「再診」欄
38,A001,サーベイランス強化加算を算定した場合,再サ,「再診」欄
39,A001,抗菌薬適正使用体制加算を算定した場合,再抗菌適,「再診」欄
40,A001 A002,時間外加算の特例を算定した場合,特,「再診」欄
41,A001 A002,小児科を標榜する保険医療機関における夜間加算の特例を算定した場合,小特夜,「再診」欄
42,A001 A002,小児科を標榜する保険医療機関における休日加算の特例を算定した場合,小特休,「再診」欄
43,A001 A002,小児科を標榜する保険医療機関における深夜加算の特例を算定した場合,小特深,「再診」欄
44,A001 A002,医療情報取得加算３を算定した場合,医情３,「再診」欄
45,A001 A002,医療情報取得加算４を算定した場合,医情４,「再診」欄
46,A001 A002,看護師等遠隔診療補助加算を算定した場合,看師補,「再診」欄
47,A002,情報通信機器を用いた外来診療を行った場合,情外,「再診」欄
48,A002,外来診療料の注２又は注３に規定する紹介率等が低い保険医療機関の場合,外診減,「再診」欄
49,A002,外来診療料の注４に規定する妥結率が低い保険医療機関の場合,外診妥減,「再診」欄
50,A002,外来診療料の注５に規定する２つ目の診療科において再診を行った場合,複外診,「再診」欄
51,A002,外来診療料の注５に規定する２つ目の診療科において再診を行った場合（外来診療料の注２又は注３に規定する紹介率等が低い保険医療機関の場合）,複外診減,「再診」欄
52,A002,外来診療料の注５に規定する２つ目の診療科において再診を行った場合（外来診療料の注４に規定する妥結率が低い保険医療機関の場合）,複外診妥減,「再診」欄
556,第１部通則３,外来感染対策向上加算を算定した場合,医感,「医学管理」欄
557,第１部通則３,発熱患者等対応加算を算定した場合,医熱対,「医学管理」欄
558,第１部通則４,連携強化加算を算定した場合,医連,「医学管理」欄
559,第１部通則５,サーベイランス強化加算を算定した場合,医サ,「医学管理」欄
560,第１部通則５,抗菌薬適正使用体制加算を算定した場合,医抗菌適,「医学管理」欄
561,B000,特定疾患療養管理料を算定した場合,特,「医学管理」欄
562,B000,特定疾患療養管理料（情報通信機器を用いて行った場合）を算定した場合,情特,「医学管理」欄
563,B001の1,ウイルス疾患指導料１を算定した場合,ウ１,「医学管理」欄
564,B001の1,ウイルス疾患指導料２を算定した場合,ウ２,「医学管理」欄
565,B001の1,ウイルス疾患指導料１（情報通信機器を用いて行った場合）を算定した場合,情ウ１,「医学管理」欄
566,B001の1,ウイルス疾患指導料２（情報通信機器を用いて行った場合）を算定した場合,情ウ２,「医学管理」欄
567,B001の2,特定薬剤治療管理料１を算定した場合,薬１,「医学管理」欄
568,B001の2,特定薬剤治療管理料２を算定した場合,薬２,「医学管理」欄
569,B001の3,悪性腫瘍特異物質治療管理料を算定した場合,悪,「医学管理」欄
570,B001の4,小児特定疾患カウンセリング料を算定した場合,小児特定,「医学管理」欄
571,B001の4,小児特定疾患カウンセリング料（情報通信機器を用いて行った場合）を算定した場合,情小児特定,「医学管理」欄
572,B001の5,小児科療養指導料を算定した場合,小児療養,「医学管理」欄
573,B001の5,小児科療養指導料の人工呼吸器導入時相談支援加算を算定した場合,人呼支援,「医学管理」欄
574,B001の5,小児科療養指導料（情報通信機器を用いて行った場合）を算定した場合,情小児療,「医学管理」欄
575,B001の6,てんかん指導料を算定した場合,てんかん,「医学管理」欄
576,B001の6,てんかん指導料（情報通信機器を用いて行った場合）を算定した場合,情てんかん,「医学管理」欄
577,B001の7,難病外来指導管理料を算定した場合,難病,「医学管理」欄
578,B001の7,難病外来指導管理料の人工呼吸器導入時相談支援加算を算定した場合,人呼支援,「医学管理」欄
579,B001の7,難病外来指導管理料（情報通信機器を用いて行った場合）を算定した場合,情難病,「医学管理」欄
580,B001の8,皮膚科特定疾患指導管理料(Ⅰ)を算定した場合,皮膚(Ⅰ),「医学管理」欄
581,B001の8,皮膚科特定疾患指導管理料(Ⅱ)を算定した場合,皮膚(Ⅱ),「医学管理」欄
582,B001の8,皮膚科特定疾患指導管理料(Ⅰ)（情報通信機器を用いて行った場合）を算定した場合,情皮膚(Ⅰ),「医学管理」欄
583,B001の8,皮膚科特定疾患指導管理料(Ⅱ)（情報通信機器を用いて行った場合）を算定した場合,情皮膚(Ⅱ),「医学管理」欄
584,B001の9,外来栄養食事指導料１（初回の指導を対面で行った場合）を算定した場合,外栄初対１,「医学管理」欄
585,B001の9,外来栄養食事指導料１（初回の指導を情報通信機器等を用いて行った場合）を算定した場合,外栄初情１,「医学管理」欄
586,B001の9,外来栄養食事指導料１（２回目以降の指導を対面で行った場合）を算定した場合,外栄２対１,「医学管理」欄
587,B001の9,外来栄養食事指導料１（２回目以降の指導を情報通信機器等を用いて行った場合）を算定した場合,外栄２情１,「医学管理」欄
588,B001の9,外来栄養食事指導料２（初回の指導を対面で行った場合）を算定した場合,外栄初対２,「医学管理」欄
589,B001の9,外来栄養食事指導料２（初回の指導を情報通信機器等を用いて行った場合）を算定した場合,外栄初情２,「医学管理」欄
590,B001の9,外来栄養食事指導料２（２回目以降の指導を対面で行った場合）を算定した場合,外栄２対２,「医学管理」欄
591,B001の9,外来栄養食事指導料２（２回目以降の指導を情報通信機器等を用いて行った場合）を算定した場合,外栄２情２,「医学管理」欄
592,B001の9,外来栄養食事指導料（注３に規定する専門の管理栄養士が指導した場合）を算定した場合,外栄専,「医学管理」欄
593,B001の10,入院栄養食事指導料１を算定した場合,入栄１,「医学管理」欄
594,B001の10,入院栄養食事指導料２を算定した場合,入栄２,「医学管理」欄
595,B001の11,集団栄養食事指導料を算定した場合,集栄,「医学管理」欄
596,B001の12,心臓ペースメーカー指導管理料を算定した場合,ペ,「医学管理」欄
597,B001の12,心臓ペースメーカー指導管理料の導入期加算を算定した場合,導入期,「医学管理」欄
598,B001の13,在宅療養指導料を算定した場合,在宅指導,「医学管理」欄
599,B001の14,高度難聴指導管理料を算定した場合,高難,「医学管理」欄
600,B001の15,慢性維持透析患者外来医学管理料を算定した場合,慢透,「医学管理」欄
601,B001の15,慢性維持透析患者外来医学管理料の腎代替療法実績加算を算定した場合,腎代替,「医学管理」欄
602,B001の16,喘息治療管理料１を算定した場合,喘息１,「医学管理」欄
603,B001の16,喘息治療管理料２を算定した場合,喘息２,「医学管理」欄
604,B001の17,慢性疼痛疾患管理料を算定した場合,疼痛,「医学管理」欄
605,B001の18,小児悪性腫瘍患者指導管理料を算定した場合,小児悪腫,「医学管理」欄
606,B001の18,小児悪性腫瘍患者指導管理料（情報通信機器を用いて行った場合）を算定した場合,情小児悪腫,「医学管理」欄
607,B001の20,糖尿病合併症管理料を算定した場合,糖,「医学管理」欄
608,B001の21,耳鼻咽喉科特定疾患指導管理料を算定した場合,耳鼻,「医学管理」欄
609,B001の22,がん性疼痛緩和指導管理料を算定した場合,がん,「医学管理」欄
610,B001の22,がん性疼痛緩和指導管理料を算定している患者に対して小児加算を算定した場合,小児,「医学管理」欄
611,B001の22,がん性疼痛緩和指導管理料（情報通信機器を用いて行った場合）を算定した場合,情がん,「医学管理」欄
612,B001の23,がん患者指導管理料イを算定した場合,が指イ,「医学管理」欄
613,B001の23,がん患者指導管理料ロを算定した場合,が指ロ,「医学管理」欄
614,B001の23,がん患者指導管理料ハを算定した場合,が指ハ,「医学管理」欄
615,B001の23,がん患者指導管理料ニを算定した場合,が指ニ,「医学管理」欄
616,B001の23,がん患者指導管理料イ（情報通信機器を用いて行った場合）を算定した場合,情が指イ,「医学管理」欄
617,B001の23,がん患者指導管理料ロ（情報通信機器を用いて行った場合）を算定した場合,情が指ロ,「医学管理」欄
618,B001の23,がん患者指導管理料ハ（情報通信機器を用いて行った場合）を算定した場合,情が指ハ,「医学管理」欄
619,B001の23,がん患者指導管理料ニ（情報通信機器を用いて行った場合）を算定した場合,情が指ニ,「医学管理」欄
620,B001の24,外来緩和ケア管理料を算定した場合,外緩,「医学管理」欄
621,B001の24,外来緩和ケア管理料を算定している患者に対して小児加算を算定した場合,小児,「医学管理」欄
622,B001の24,外来緩和ケア管理料（情報通信機器を用いて行った場合）を算定した場合,情外緩,「医学管理」欄
623,B001の24,医療を提供しているが、医療資源の少ない地域であって、施設基準の要件が緩和された外来緩和ケア管理料を算定した場合,緩ケ地域,「医学管理」欄
624,B001の25,移植後患者指導管理料の臓器移植後の場合を算定した場合,臓移,「医学管理」欄
625,B001の25,移植後患者指導管理料の造血幹細胞移植後の場合を算定した場合,造移,「医学管理」欄
626,B001の25,移植後患者指導管理料の臓器移植後の場合（情報通信機器を用いて行った場合）を算定した場合,臓移,「医学管理」欄
627,B001の25,移植後患者指導管理料の造血幹細胞移植後の場合（情報通信機器を用いて行った場合）を算定した場合,造移,「医学管理」欄
628,B001の26,植込型輸液ポンプ持続注入療法指導管理料を算定した場合,植ポ,「医学管理」欄
629,B001の26,植込型輸液ポンプ持続注入療法指導管理料の導入期加算を算定した場合,導入期,「医学管理」欄
630,B001の27,糖尿病透析予防指導管理料を算定した場合,透予,「医学管理」欄
631,B001の27,糖尿病透析予防指導管理料の高度腎機能障害患者指導加算を算定した場合,腎機能,「医学管理」欄
632,B001の27,医療を提供しているが、医療資源の少ない地域であって、施設基準の要件が緩和された糖尿病透析予防指導管理料を算定した場合,透予地域,「医学管理」欄
633,B001の27,糖尿病透析予防指導管理料（情報通信機器を用いて行った場合）を算定した場合,情透予,「医学管理」欄
634,B001の27,医療を提供しているが、医療資源の少ない地域であって、施設基準の要件が緩和された糖尿病透析予防指導管理料（情報通信機器を用いて行った場合）を算定した場合,情透予地域,「医学管理」欄
635,B001の28,小児運動器疾患指導管理料を算定した場合,小運動,「医学管理」欄
636,B001の29,乳腺炎重症化予防ケア・指導料を算定した場合,乳腺ケア,「医学管理」欄
637,B001の30,婦人科特定疾患治療管理料を算定した場合,婦特,「医学管理」欄
638,B001の31,腎代替療法指導管理料を算定した場合,腎代指,「医学管理」欄
639,B001の31,腎代替療法指導管理料（情報通信機器を用いて行った場合）を算定した場合,情腎代指,「医学管理」欄
640,B001の32,一般不妊治療管理料を算定した場合,一妊,「医学管理」欄
641,B001の33,生殖補助医療管理料を算定した場合,生補,「医学管理」欄
642,B001の34,二次性骨折予防継続管理料を算定した場合,骨継,「医学管理」欄
643,B001の35,アレルギー性鼻炎免疫療法治療管理料を算定した場合,アレ免,「医学管理」欄
644,B001の36,下肢創傷処置管理料を算定した場合,下創,「医学管理」欄
645,B001の37,慢性腎臓病透析予防指導管理料を算定した場合,慢腎透,「医学管理」欄
646,B001の37,情報通信機器を用いて慢性腎臓病透析予防指導管理料を算定した場合,情慢腎透,「医学管理」欄
647,B001-2,小児科外来診療料の「１」院外処方の「イ」初診を算定した場合,児外初,「医学管理」欄
648,B001-2,小児科外来診療料の「１」院外処方の「ロ」再診を算定した場合,児外再,「医学管理」欄
649,B001-2,小児科外来診療料の「２」院内処方の「イ」初診を算定した場合,児内初,「医学管理」欄
650,B001-2,小児科外来診療料の「２」院内処方の「ロ」再診を算定した場合,児内再,「医学管理」欄
651,B001-2,小児科外来診療料において初診料、再診料又は外来診療料の時間外加算を算定した場合,外,「医学管理」欄
652,B001-2,小児科外来診療料において初診料、再診料又は外来診療料の休日加算を算定した場合,休,「医学管理」欄
653,B001-2,小児科外来診療料において初診料、再診料又は外来診療料の深夜加算を算定した場合,深,「医学管理」欄
654,B001-2,小児科外来診療料において初診料、再診料又は外来診療料の時間外加算の特例を算定した場合,特,「医学管理」欄
655,B001-2,小児科外来診療料において初診料、再診料又は外来診療料の小児科を標榜する保険医療機関における夜間加算の特例を算定した場合,特夜,「医学管理」欄
656,B001-2,小児科外来診療料において初診料、再診料又は外来診療料の小児科を標榜する保険医療機関における休日加算の特例を算定した場合,特休,「医学管理」欄
657,B001-2,小児科外来診療料において初診料、再診料又は外来診療料の小児科を標榜する保険医療機関における深夜加算の特例を算定した場合,特深,「医学管理」欄
658,B001-2,小児科外来診療料の小児抗菌薬適正使用支援加算を算定した場合,小抗菌,「医学管理」欄
659,B001-2-2,地域連携小児夜間・休日診療料を算定した場合,地域小児,「医学管理」欄
660,B001-2-3,乳幼児育児栄養指導料を算定した場合,乳栄,「医学管理」欄
661,B001-2-3,乳幼児育児栄養指導料（情報通信機器を用いて行った場合）を算定した場合,情乳栄,「医学管理」欄
662,B001-2-4,地域連携夜間・休日診療料を算定した場合,地域夜休,「医学管理」欄
663,B001-2-5,院内トリアージ実施料を算定した場合,トリ,「医学管理」欄
664,B001-2-6,夜間休日救急搬送医学管理料を算定した場合,救搬,「医学管理」欄
665,B001-2-6,夜間休日救急搬送医学管理料の精神科疾患患者等受入加算を算定した場合,精受,「医学管理」欄
666,B001-2-6,夜間休日救急搬送医学管理料の救急搬送看護体制加算１を算定した場合,救搬看１,「医学管理」欄
667,B001-2-6,夜間休日救急搬送医学管理料の救急搬送看護体制加算２を算定した場合,救搬看２,「医学管理」欄
668,B001-2-7,外来リハビリテーション診療料１を算定した場合,外リ１,「医学管理」欄
669,B001-2-7,外来リハビリテーション診療料２を算定した場合,外リ２,「医学管理」欄
670,B001-2-8,外来放射線照射診療料を算定した場合,外放,「医学管理」欄
671,B001-2-8,外来放射線照射診療料の100分の50に相当する点数を算定した場合,外放減,「医学管理」欄
672,B001-2-9,地域包括診療料１を算定した場合,地包１,「医学管理」欄
673,B001-2-9,地域包括診療料２を算定した場合,地包２,「医学管理」欄
674,B001-2-9,地域包括診療料の薬剤適正使用連携加算を算定した場合,薬適連,「医学管理」欄
675,B001-2-10,認知症地域包括診療料１を算定した場合,認地包１,「医学管理」欄
676,B001-2-10,認知症地域包括診療料２を算定した場合,認地包２,「医学管理」欄
677,B001-2-10,認知症地域包括診療料の薬剤適正使用連携加算を算定した場合,薬適連,「医学管理」欄
678,B001-2-11,小児かかりつけ診療料の「１」の院外処方の初診を算定した場合,児か外初１,「医学管理」欄
679,B001-2-11,小児かかりつけ診療料の「１」の院外処方の再診を算定した場合,児か外再１,「医学管理」欄
680,B001-2-11,小児かかりつけ診療料の「１」の院内処方の初診を算定した場合,児か内初１,「医学管理」欄
681,B001-2-11,小児かかりつけ診療料の「１」の院内処方の再診を算定した場合,児か内再１,「医学管理」欄
682,B001-2-11,小児かかりつけ診療料の「２」の院外処方の初診を算定した場合,児か外初２,「医学管理」欄
683,B001-2-11,小児かかりつけ診療料の「２」の院外処方の再診を算定した場合,児か外再２,「医学管理」欄
684,B001-2-11,小児かかりつけ診療料の「２」の院内処方の初診を算定した場合,児か内初２,「医学管理」欄
685,B001-2-11,小児かかりつけ診療料の「２」の院内処方の再診を算定した場合,児か内再２,「医学管理」欄
686,B001-2-11,小児かかりつけ診療料の小児抗菌薬適正使用支援加算を算定した場合,小抗菌,「医学管理」欄
687,B001-2-12,外来腫瘍化学療法診療料１（抗悪性腫瘍剤を投与した場合）を算定した場合,外化投１,「医学管理」欄
688,B001-2-12,外来腫瘍化学療法診療料１（抗悪性腫瘍剤の投与その他必要な治療管理を行った場合）を算定した場合,外化管１,「医学管理」欄
689,B001-2-12,外来腫瘍化学療法診療料２（抗悪性腫瘍剤を投与した場合）を算定した場合,外化投２,「医学管理」欄
690,B001-2-12,外来腫瘍化学療法診療料２（抗悪性腫瘍剤の投与その他必要な治療管理を行った場合）を算定した場合,外化管２,「医学管理」欄
691,B001-2-12,外来腫瘍化学療法診療料３（抗悪性腫瘍剤を投与した場合）を算定した場合,外化投３,「医学管理」欄
692,B001-2-12,外来腫瘍化学療法診療料３（抗悪性腫瘍剤の投与その他必要な治療管理を行った場合）を算定した場合,外化管３,「医学管理」欄
693,B001-2-12,外来腫瘍化学療法診療料の連携充実加算を算定した場合,連充,「医学管理」欄
694,B001-3,生活習慣病管理料（Ⅰ）の１を算定した場合,生１脂,「医学管理」欄
695,B001-3,生活習慣病管理料（Ⅰ）の２を算定した場合,生１高,「医学管理」欄
696,B001-3,生活習慣病管理料（Ⅰ）の３を算定した場合,生１糖,「医学管理」欄
697,B001-3 B001-3-3,生活習慣病管理料の外来データ提出加算を算定した場合,外デ,「医学管理」欄
698,B001-3-2,ニコチン依存症管理料１を算定した場合,ニコ１,「医学管理」欄
699,B001-3-2,ニコチン依存症管理料２を算定した場合,ニコ２,「医学管理」欄
700,B001-3-2,ニコチン依存症管理料の100分の70に相当する点数を算定した場合,ニコ減,「医学管理」欄
701,B001-3-3,生活習慣病管理料（Ⅱ）を算定した場合,生２,「医学管理」欄
702,B001-3-3,血糖自己測定指導加算を算定した場合,自指加,「医学管理」欄
703,B001-3-3,情報通信機器を用いて生活習慣病管理料（Ⅱ）を算定した場合,情生２,「医学管理」欄
704,B001-4,手術前医学管理料を算定した場合,手前,「医学管理」欄
705,B001-5,手術後医学管理料を算定した場合,手後 ,「医学管理」欄
706,B001-6,肺血栓塞栓症予防管理料を算定した場合,肺予,「医学管理」欄
707,B001-7,リンパ浮腫指導管理料を算定した場合,リ,「医学管理」欄
708,B001-8,臍ヘルニア圧迫指導管理料を算定した場合,臍ヘ,「医学管理」欄
709,B001-9,療養・就労両立支援指導料を算定した場合,就労,「医学管理」欄
710,B001-9,療養・就労両立支援指導料の相談支援加算を算定した場合,就労相談,「医学管理」欄
711,B001-9,療養・就労両立支援指導料（情報通信機器を用いて行った場合）を算定した場合,情就労,「医学管理」欄
712,B002,開放型病院共同指導料(Ⅰ)を算定した場合,開Ⅰ,「医学管理」欄
713,B003,開放型病院共同指導料(Ⅱ)を算定した場合,開Ⅱ,「医学管理」欄
714,B004,退院時共同指導料１を算定した場合,退共１,「医学管理」欄
715,B004,退院時共同指導料１を算定している患者に対して特別管理指導加算を算定した場合,特管,「医学管理」欄
716,B005,退院時共同指導料２を算定した場合,退共２,「医学管理」欄
717,B005,退院時共同指導料２の退院後の在宅療養を担う保険医療機関の保険医と共同して指導を行った場合,２者共,「医学管理」欄
718,B005,退院時共同指導料２の多機関共同指導加算を算定した場合,多共,「医学管理」欄
719,B005-1-2,介護支援等連携指導料を算定した場合,介連,「医学管理」欄
720,B005-1-3,介護保険リハビリテーション移行支援料を算定した場合,介リ支,「医学管理」欄
721,B005-4,ハイリスク妊産婦共同管理料（Ⅰ）を算定した場合,ハイⅠ,「医学管理」欄
722,B005-5,ハイリスク妊産婦共同管理料（Ⅱ）を算定した場合,ハイⅡ,「医学管理」欄
723,B005-6,がん治療連携計画策定料の「１」を算定した場合,がん策１,「医学管理」欄
724,B005-6,がん治療連携計画策定料の「２」を算定した場合,がん策２,「医学管理」欄
725,B005-6,がん治療連携計画策定料の「２」（情報通信機器を用いて行った場合）を算定した場合,情がん策２,「医学管理」欄
726,B005-6-2,がん治療連携指導料を算定した場合,がん指,「医学管理」欄
727,B005-6-3,がん治療連携管理料の「１」を算定した場合,がん管１,「医学管理」欄
728,B005-6-3,がん治療連携管理料の「２」を算定した場合,がん管２,「医学管理」欄
729,B005-6-3,がん治療連携管理料の「３」を算定した場合,がん管３,「医学管理」欄
730,B005-6-4,外来がん患者在宅連携指導料を算定した場合,外がん連,「医学管理」欄
731,B005-6-4,外来がん患者在宅連携指導料（情報通信機器を用いて行った場合）を算定した場合,情外がん連,「医学管理」欄
732,B005-7,認知症専門診断管理料の「１」を算定した場合,認管１,「医学管理」欄
733,B005-7,認知症専門診断管理料の「２」を算定した場合,認管２,「医学管理」欄
734,B005-7-2,認知症療養指導料１を算定した場合,認指１,「医学管理」欄
735,B005-7-2,認知症療養指導料２を算定した場合,認指２,「医学管理」欄
736,B005-7-2,認知症療養指導料３を算定した場合,認指３,「医学管理」欄
737,B005-7-3,認知症サポート指導料を算定した場合,認サ,「医学管理」欄
738,B005-8,肝炎インターフェロン治療計画料を算定した場合,肝計,「医学管理」欄
739,B005-8,肝炎インターフェロン治療計画料（情報通信機器を用いて行った場合）を算定した場合,情肝計,「医学管理」欄
740,B005-9,外来排尿自立指導料を算定した場合,外排自,「医学管理」欄
741,B005-10,ハイリスク妊産婦連携指導料１を算定した場合,ハイ妊連１,「医学管理」欄
742,B005-10-2,ハイリスク妊産婦連携指導料２を算定した場合,ハイ妊連２,「医学管理」欄
743,B005-11,遠隔連携診療料（診断を目的とする場合）を算定した場合,遠連診,「医学管理」欄
744,B005-11,遠隔連携診療料(その他の場合）を算定した場合,遠連他,「医学管理」欄
745,B005-12,こころの連携指導料(Ⅰ）を算定した場合,こ連Ⅰ,「医学管理」欄
746,B005-13,こころの連携指導料(Ⅱ）を算定した場合,こ連Ⅱ,「医学管理」欄
747,B005-14,プログラム医療機器指導管理料を算定した場合,プ管,「医学管理」欄
748,B006,救急救命管理料を算定した場合,救,「医学管理」欄
749,B006-3,退院時リハビリテーション指導料を算定した場合,退リハ,「医学管理」欄
750,B007,退院前訪問指導料を算定した場合,退前,「医学管理」欄
751,B007-2,退院後訪問指導料を算定した場合,退後,「医学管理」欄
752,B007-2,退院後訪問指導料の訪問看護同行加算を算定した場合,退訪同,「医学管理」欄
753,B008,薬剤管理指導料の「１」を算定した場合,薬管１,「医学管理」欄
754,B008,薬剤管理指導料の「２」を算定した場合,薬管２,「医学管理」欄
755,B008,薬剤管理指導料の麻薬管理指導加算を算定した場合,麻加,「医学管理」欄
756,B008-2,薬剤総合評価調整管理料を算定した場合,薬総評管,「医学管理」欄
757,B008-2,薬剤総合評価調整管理料（情報通信機器を用いて行った場合）を算定した場合,情薬総評管,「医学管理」欄
758,B009,診療情報提供料（Ⅰ）を算定した場合,情Ⅰ,「医学管理」欄
759,B009,診療情報提供料（Ⅰ）の「注８」に規定する加算を算定した場合,情Ⅰ退,「医学管理」欄
760,B009,診療情報提供料（Ⅰ）のハイリスク妊婦紹介加算を算定した場合,情Ⅰ妊,「医学管理」欄
761,B009,診療情報提供料（Ⅰ）の認知症専門医療機関紹介加算を算定した場合,情Ⅰ認紹,「医学管理」欄
762,B009,診療情報提供料（Ⅰ）の認知症専門医療機関連携加算を算定した場合,情Ⅰ認連,「医学管理」欄
763,B009,診療情報提供料（Ⅰ）の精神科医連携加算を算定した場合,情Ⅰ精,「医学管理」欄
764,B009,診療情報提供料（Ⅰ）の肝炎インターフェロン治療連携加算を算定した場合,情Ⅰ肝,「医学管理」欄
765,B009,診療情報提供料（Ⅰ）の歯科医療機関連携加算１を算定した場合,情Ⅰ歯１,「医学管理」欄
766,B009,診療情報提供料（Ⅰ）の歯科医療機関連携加算２を算定した場合,情Ⅰ歯２,「医学管理」欄
767,B009,診療情報提供料（Ⅰ）の地域連携診療計画加算を算定した場合,情地連診,「医学管理」欄
768,B009,診療情報提供料（Ⅰ）の療養情報提供加算を算定した場合,情療養,「医学管理」欄
769,B009,診療情報提供料（Ⅰ）の検査・画像情報提供加算を算定した場合,情検画,「医学管理」欄
770,B009-2,電子的診療情報評価料を算定した場合,電診情評,「医学管理」欄
771,B010,診療情報提供料（Ⅱ）を算定した場合,情Ⅱ,「医学管理」欄
772,B010-2,診療情報連携共有料を算定した場合,情共,「医学管理」欄
773,B011,診療情報等連携共有料１を算定した場合,情連共１,「医学管理」欄
774,B011,診療情報等連携共有料２を算定した場合,情連共２,「医学管理」欄
775,B011-3,薬剤情報提供料を算定した場合,薬情,「医学管理」欄
776,B011-3,薬剤情報提供料の手帳記載加算を算定した場合,手帳,「医学管理」欄
777,B011-4,医療機器安全管理料を算定した場合,医機安,「医学管理」欄
778,B011-5,がんゲノムプロファイリング評価提供料を算定した場合,がんゲ評,「医学管理」欄
779,B011-6,栄養情報連携料を算定した場合,栄情,「医学管理」欄
780,B012,傷病手当金意見書交付料を算定した場合,傷,「医学管理」欄
781,B012,傷病手当金意見書交付料を遺族等に対して意見書を交付した場合,相続,「医学管理」欄
782,B013,療養費同意書交付料を算定した場合,療,「医学管理」欄
783,B014,退院時薬剤情報管理指導料を算定した場合,退薬,「医学管理」欄
784,B014,退院時薬剤情報管理指導料の退院時薬剤情報連携加算を算定した場合,退薬連,「医学管理」欄
785,B015,精神科退院時共同指導料１を算定した場合,精退共１,「医学管理」欄
786,B015,精神科退院時共同指導料２を算定した場合,精退共２,「医学管理」欄
788,第２部通則５,外来感染対策向上加算を算定した場合,在感,「在宅」欄
789,第２部通則５,発熱患者等対応加算を算定した場合,在熱対,「在宅」欄
790,第２部通則６,連携強化加算を算定した場合,在連,「在宅」欄
791,第２部通則７,サーベイランス強化加算を算定した場合,在サ,「在宅」欄
792,第２部通則８,抗菌薬適正使用体制加算を算定した場合,在抗菌適,「在宅」欄
793,C000,在宅療養支援診療所の保険医が往診を行った場合,在支援,「在宅」欄
794,C000,在宅療養支援病院の保険医が往診を行った場合,在支病,「在宅」欄
795,C000 C001,"特別往診料を算定した場合患家との直線距離が16KMを超えた場合又は海路の場合であって、特殊の事情があったときの在宅患者訪問診療料を算定した場合",特,「在宅」欄
796,C000 C005 C005-1-2,在宅療養支援診療所と連携する保険医療機関が、在宅療養支援診療所の保険医の指示により往診を行った場合 在宅療養支援診療所と連携する保険医療機関等が、在宅療養支援診療所の保険医の指示により訪問看護を行った場合,支援,「在宅」欄
797,C001,在宅患者訪問診療料（Ⅰ）「１」の同一建物居住者以外の場合を算定した場合,（Ⅰ）１在宅,「在宅」欄
798,C001,在宅患者訪問診療料（Ⅰ）「１」の同一建物居住者の場合を算定した場合,（Ⅰ）１同一,「在宅」欄
799,C001,在宅患者訪問診療料（Ⅰ）「２」の同一建物居住者以外の場合を算定した場合,（Ⅰ）２在宅,「在宅」欄
800,C001,在宅患者訪問診療料（Ⅰ）「２」の同一建物居住者の場合を算定した場合,（Ⅰ）２同一,「在宅」欄
801,C001-2,在宅患者訪問診療料（Ⅱ）を算定した場合,（Ⅱ）,「在宅」欄
802,C001 C001-2,在宅患者訪問診療料（Ⅰ）、（Ⅱ）の厚生労働大臣が定める疾病等に罹患している患者に対して行った場合,難病,「在宅」欄
803,C001 C001-2,在宅患者訪問診療料（Ⅰ）、（Ⅱ）の乳幼児加算を算定した場合,乳,「在宅」欄
804,C001 C001-2,在宅患者訪問診療料（Ⅰ）の在宅ターミナルケア加算イ又はロを算定した場合 在宅患者訪問診療料（Ⅱ）の在宅ターミナルケア加算を算定した場合,（Ⅰ）タ在、（Ⅰ）タ施（Ⅱ）タ,「在宅」欄
805,C001 C001-2,在宅患者訪問診療料（Ⅰ）、（Ⅱ）の酸素療法加算を算定した場合,タ酸,「在宅」欄
806,C001 C001-2,在宅患者訪問診療料（Ⅰ）、（Ⅱ）の看取り加算を算定した場合,看取,「在宅」欄
807,C001 C001-2,在宅患者訪問診療料（Ⅰ）、（Ⅱ）の患者の急性増悪等により一時的に週４回以上の頻回な在宅患者訪問診療を行った場合,急性,「在宅」欄
808,C001 C003,在宅医療DＸ情報活用加算を算定した場合,在DＸ,「在宅」欄
809,C002,在宅時医学総合管理料の処方箋を交付した場合,在医総管外,「在宅」欄
810,C002,在宅時医学総合管理料の処方箋を交付していない場合,在医総管内,「在宅」欄
811,C002,在宅時医学総合管理料（月１回以上情報通信機器を用いた診療を行っている場合）を算定する患者であって処方箋を交付した場合,情在医総管外,「在宅」欄
812,C002,在宅時医学総合管理料（月１回以上情報通信機器を用いた診療を行っている場合）を算定する患者であって処方箋を交付していない場合,情在医総管内,「在宅」欄
813,C002,在宅時医学総合管理料の処方箋を交付した場合であって、100分の80に相当する点数を算定した場合,在医総管外減,「在宅」欄
814,C002,在宅時医学総合管理料の処方箋を交付していない場合であって、100分の80に相当する点数を算定した場合,在医総管内減,「在宅」欄
815,C002-2,施設入居時等医学総合管理料の処方箋を交付した場合,施医総管外,「在宅」欄
816,C002-2,施設入居時等医学総合管理料の処方箋を交付していない場合,施医総管内,「在宅」欄
817,C002-2,施設入居時等医学総合管理料の処方箋を交付した場合であって、100分の80に相当する点数を算定した場合,施医総管外減,「在宅」欄
818,C002-2,施設入居時等医学総合管理料の処方箋を交付していない場合であって、100分の80に相当する点数を算定した場合,施医総管内減,「在宅」欄
819,"C002 C002-2",在宅時医学総合管理料又は施設入居時等医学総合管理料の頻回訪問加算を算定した場合,頻訪加算,「在宅」欄
820,C002 C002-2,在宅時医学総合管理料又は施設入居時等医学総合管理料の在宅移行早期加算を算定した場合,在宅移行,「在宅」欄
821,C002 C002-2,在宅時医学総合管理料又は施設入居時等医学総合管理料の在宅療養移行加算１を算定した場合,在療移１,「在宅」欄
822,C002 C002-2,在宅時医学総合管理料又は施設入居時等医学総合管理料の在宅療養移行加算２を算定した場合,在療移２,「在宅」欄
823,C002 C002-2,在宅時医学総合管理料又は施設入居時等医学総合管理料の在宅療養移行加算３を算定した場合,在療移３,「在宅」欄
824,C002 C002-2,在宅時医学総合管理料又は施設入居時等医学総合管理料の在宅療養移行加算４を算定した場合,在療移４,「在宅」欄
825,C002 C002-2,在宅時医学総合管理料又は施設入居時等医学総合管理料の包括的支援加算を算定した場合,包括支援,「在宅」欄
826,C002 C002-2 C003,在宅時医学総合管理料、施設入居時等医学総合管理料又は在宅がん医療総合診療料の在宅データ提出加算を算定した場合,在デ,「在宅」欄
827,C002 C002-2,在宅時医学総合管理料又は施設入居時等医学総合管理料の在宅医療情報連携加算を算定した場合,在療連,「在宅」欄
828,C003,在宅がん医療総合診療料を算定した場合,在医総,「在宅」欄
829,C003,在宅がん医療総合診療料の小児加算を算定した場合,在総小,「在宅」欄
830,C003,在宅がん医療総合診療料の在宅医療情報連携加算を算定した場合,在総連,「在宅」欄
831,C004,救急搬送診療料を算定した場合,搬送診療,「在宅」欄
832,C004,救急搬送診療料の長時間加算を算定した場合,搬送診療長,「在宅」欄
833,C004,救急搬送診療料の重症患者搬送加算を算定した場合,搬送重,「在宅」欄
834,C004-2,救急患者連携搬送料を算定した場合,搬送連,「在宅」欄
835,C005 C005-1-2,在宅患者訪問看護・指導料又は同一建物居住者訪問看護・指導料を算定した場合,訪問看護 訪問看護(同一),「在宅」欄
836,C005 C005-1-2,在宅患者訪問看護・指導料又は同一建物居住者訪問看護・指導料の厚生労働大臣の定める疾病等に罹患している患者に対して行った場合,訪問看護難病 訪問看護難病(同一),「在宅」欄
837,C005 C005-1-2,在宅患者訪問看護・指導料又は同一建物居住者訪問看護・指導料の急性増悪等により頻回な訪問看護を必要とする患者に対して行った場合,訪問看護急性  訪問看護急性(同一),「在宅」欄
838,C005 C005-1-2,在宅患者訪問看護・指導料又は同一建物居住者訪問看護・指導料の悪性腫瘍の患者に対する緩和ケア、褥瘡ケア又は人工肛門ケア及び人工膀胱ケアに係る専門の研修を受けた看護師による場合,訪問看護専門 訪問看護専門(同一),「在宅」欄
839,C005 C005-1-2,在宅患者訪問看護・指導料又は同一建物居住者訪問看護・指導料の難病等複数回訪問加算を算定した場合,複,「在宅」欄
840,C005 C005-1-2,在宅患者訪問看護・指導料又は同一建物居住者訪問看護・指導料の緊急訪問看護加算を算定した場合,訪問看護緊急 訪問看護緊急(同一),「在宅」欄
841,C005 C005-1-2,在宅患者訪問看護・指導料又は同一建物居住者訪問看護・指導料の長時間訪問看護・指導加算を別に厚生労働大臣が定める者に算定した場合,訪問看護別定長時 訪問看護別定長時（同一）,「在宅」欄
842,C005 C005-1-2,在宅患者訪問看護・指導料又は同一建物居住者訪問看護・指導料の長時間訪問看護・指導加算を別に厚生労働大臣が定める者以外の者に算定した場合,訪問看護長時 訪問看護長時（同一）,「在宅」欄
843,C005 C005-1-2,在宅患者訪問看護・指導料又は同一建物居住者訪問看護・指導料の乳幼児加算を算定した場合,訪問看護乳 訪問看護乳（同一）,「在宅」欄
844,C005 C005-1-2,在宅患者訪問看護・指導料又は同一建物居住者訪問看護・指導料の複数名訪問看護加算（保健師、助産師又は看護師）を算定した場合,複訪看看,「在宅」欄
845,C005 C005-1-2,在宅患者訪問看護・指導料又は同一建物居住者訪問看護・指導料の複数名訪問看護加算（准看護師）を算定した場合,複訪看准,「在宅」欄
846,C005 C005-1-2,在宅患者訪問看護・指導料又は同一建物居住者訪問看護・指導料の複数名訪問看護加算（看護補助者）を算定した場合（別に厚生労働大臣が定める場合を除く。）,複訪看補ハ,「在宅」欄
847,C005 C005-1-2,在宅患者訪問看護・指導料又は同一建物居住者訪問看護・指導料の複数名訪問看護加算（看護補助者）を算定した場合（別に厚生労働大臣が定める場合）,複訪看補ニ,「在宅」欄
848,C005 C005-1-2,在宅患者訪問看護・指導料の在宅患者連携指導加算又は同一建物居住者訪問看護・指導料の同一建物居住者連携指導加算,訪問看護連携 訪問看護連携（同一）,「在宅」欄
849,C005 C005-1-2,在宅患者訪問看護・指導料の在宅患者緊急時等カンファレンス加算又は同一建物居住者訪問看護・指導料の同一建物居住者緊急時等カンファレンス加算を算定した場合,訪問看護カン 訪問看護カン（同一）,「在宅」欄
850,C005 C005-1-2,在宅患者訪問看護・指導料の在宅ターミナルケア加算又は同一建物居住者訪問看護・指導料の同一建物居住者ターミナルケア加算を算定した場合（在宅で死亡した患者）,タ在 同タ在,「在宅」欄
851,C005 C005-1-2,在宅患者訪問看護・指導料の在宅ターミナルケア加算又は同一建物居住者訪問看護・指導料の同一建物居住者ターミナルケア加算を算定した場合（特別養護老人ホーム等で死亡した患者）,タ施 同タ施,「在宅」欄
852,C005 C005-1-2,在宅患者訪問看護・指導料又は同一建物居住者訪問看護・指導料の在宅移行管理加算を算定した場合,移,「在宅」欄
853,C005 C005-1-2,在宅患者訪問看護・指導料又は同一建物居住者訪問看護・指導料の在宅移行管理重症者加算を算定した場合,移重症,「在宅」欄
854,C005 C005-1-2,在宅患者訪問看護・指導料又は同一建物居住者訪問看護・指導料の夜間・早朝訪問看護加算を算定した場合,夜早,「在宅」欄
855,C005 C005-1-2,在宅患者訪問看護・指導料又は同一建物居住者訪問看護・指導料の深夜訪問看護加算を算定した場合,深,「在宅」欄
856,C005 C005-1-2,在宅患者訪問看護・指導料又は同一建物居住者訪問看護・指導料の看護・介護職員連携強化加算を算定した場合,訪問看護看介 訪問看護看介（同一）,「在宅」欄
857,C005 C005-1-2,在宅患者訪問看護・指導料又は同一建物居住者訪問看護・指導料の特別地域訪問看護加算を算定した場合,訪問看護特地 訪問看護特地（同一）,「在宅」欄
858,C005 C005-1-2,在宅患者訪問看護・指導料又は同一建物居住者訪問看護・指導料の遠隔死亡診断補助加算を算定した場合,遠診,「在宅」欄
859,C005 C005-1-2,在宅患者訪問看護・指導料又は同一建物居住者訪問看護・指導料の訪問看護医療DＸ情報活用加算を算定した場合,在訪DＸ,「在宅」欄
860,C005,在宅患者訪問看護・指導料注16のイを算定した場合,訪問特研イ,「在宅」欄
861,C005,在宅患者訪問看護・指導料注16のロを算定した場合,訪問特研ロ,「在宅」欄
862,C005-2,在宅患者訪問点滴注射管理指導料を算定した場合,訪問点滴,「在宅」欄
863,C005-2,在宅患者訪問点滴注射管理指導料に用いる注射薬を支給した場合,訪点,「在宅」欄
864,C006,在宅患者訪問リハビリテーション指導管理料の「１」の同一建物居住者以外である患者に対して訪問リハビリテーションを行った場合,訪問リ在宅,「在宅」欄
865,C006,在宅患者訪問リハビリテーション指導管理料の「２」の同一建物居住者である患者に対して訪問リハビリテーションを行った場合,訪問リ同一,「在宅」欄
866,C006,在宅患者訪問リハビリテーション指導管理料の急性増悪等により一時的に頻回の訪問リハビリテーション指導管理を必要とする患者に対して行った場合,急性,「在宅」欄
867,C007,訪問看護指示料を算定した場合,訪問指示,「在宅」欄
868,C007,訪問看護指示料の特別訪問看護指示加算を算定した場合,特別指示,「在宅」欄
869,C007,訪問看護指示料の衛生材料等提供加算を算定した場合,衛材提供,「在宅」欄
870,C007,訪問看護指示料の手順書加算を算定した場合,訪看手,「在宅」欄
871,C007-2,介護職員等喀痰吸引等指示料を算定した場合,喀痰指示,「在宅」欄
872,C008,在宅患者訪問薬剤管理指導料を算定した場合,訪問薬剤,「在宅」欄
873,C008,在宅患者訪問薬剤管理指導料の麻薬管理指導加算を算定した場合,麻加,「在宅」欄
874,C008,在宅患者訪問薬剤管理指導料の乳幼児加算を算定した場合,乳幼,「在宅」欄
875,C009,在宅患者訪問栄養食事指導料１を算定した場合,訪問栄養１,「在宅」欄
876,C009,在宅患者訪問栄養食事指導料２を算定した場合,訪問栄養２,「在宅」欄
877,C010,在宅患者連携指導料を算定した場合,在宅連携,「在宅」欄
878,C011,在宅患者緊急時等カンファレンス料を算定した場合,在宅緊急,「在宅」欄
879,C012,在宅患者共同診療料の15歳未満の人工呼吸器装着患者、15歳未満から引き続き人工呼吸を実施しており体重が20キログラム未満の患者又は神経難病等の患者を対象とした場合,在共,「在宅」欄
880,C013,在宅患者訪問褥瘡管理指導料を算定した場合,在褥,「在宅」欄
881,C014,外来在宅共同指導料１を算定した場合,外在共１,「在宅」欄
882,C014,外来在宅共同指導料２を算定した場合,外在共２,「在宅」欄
883,C015,在宅がん患者緊急時医療情報連携指導料を算定した場合,在緊連,「在宅」欄
884,C100,退院前在宅療養指導管理料を算定した場合,前,「在宅」欄
885,C100,退院前在宅療養指導管理料の乳幼児加算を算定した場合,乳幼,「在宅」欄
886,C101,在宅自己注射指導管理料を算定した場合,注,「在宅」欄
887,C101,在宅自己注射指導管理料のバイオ後続品導入初期加算を算定した場合,在バイオ,「在宅」欄
888,C101,在宅自己注射指導管理料（情報通信機器を用いて行った場合）を算定した場合,情注,「在宅」欄
889,C101-2,在宅小児低血糖症患者指導管理料を算定した場合,在小血糖,「在宅」欄
890,C101-3,在宅妊娠糖尿病患者指導管理料１を算定した場合,在妊糖１,「在宅」欄
891,C101-3,在宅妊娠糖尿病患者指導管理料２を算定した場合,在妊糖２,「在宅」欄
892,C102,在宅自己腹膜灌流指導管理料を算定した場合,灌,「在宅」欄
893,C102,在宅自己腹膜灌流指導管理料の遠隔モニタリング加算を算定した場合,遠モニ,「在宅」欄
894,C102-2,在宅血液透析指導管理料を算定した場合,在透,「在宅」欄
895,C103,在宅酸素療法指導管理料を算定した場合,酸,「在宅」欄
896,C103,在宅酸素療法指導管理料の遠隔モニタリング加算を算定した場合,遠モニ,「在宅」欄
897,C104,在宅中心静脈栄養法指導管理料を算定した場合,中,「在宅」欄
898,C105,在宅成分栄養経管栄養法指導管理料を算定した場合,経,「在宅」欄
899,C105-2,在宅小児経管栄養法指導管理料を算定した場合,小経,「在宅」欄
900,C105-3,在宅半固形栄養経管栄養法指導管理料を算定した場合,半固形,「在宅」欄
901,C106,在宅自己導尿指導管理料を算定した場合,尿,「在宅」欄
902,C107,在宅人工呼吸指導管理料を算定した場合,人,「在宅」欄
903,C107-2,在宅持続陽圧呼吸療法指導管理料１を算定した場合,持呼１,「在宅」欄
904,C107-2,在宅持続陽圧呼吸療法指導管理料２を算定した場合,持呼２,「在宅」欄
905,C107-2,在宅持続陽圧呼吸療法指導管理料の遠隔モニタリング加算を算定した場合,遠モニ,「在宅」欄
906,C107-2,在宅持続陽圧呼吸療法指導管理料（情報通信機器を用いて行った場合）を算定した場合,持呼情,「在宅」欄
907,C107-3,在宅ハイフローセラピー指導管理料を算定した場合,ハイセ,「在宅」欄
908,C108,在宅悪性腫瘍等患者指導管理料を算定した場合,在悪,「在宅」欄
909,C108-2,在宅悪性腫瘍患者共同指導管理料を算定した場合,在悪共,「在宅」欄
910,C109,在宅寝たきり患者処置指導管理料を算定した場合,寝,「在宅」欄
911,C110,在宅自己疼痛管理指導管理料を算定した場合,疼,「在宅」欄
912,C110-2,在宅振戦等刺激装置治療指導管理料を算定した場合,振,「在宅」欄
913,C110-2 C110-3,在宅振戦等刺激装置治療指導管理料又は在宅迷走神経電気刺激治療指導管理料の導入期加算を算定した場合,導入期,「在宅」欄
914,C110-3,在宅迷走神経電気刺激治療指導管理料を算定した場合,迷,「在宅」欄
915,C110-4,在宅仙骨神経刺激療法指導管理料を算定した場合,仙,「在宅」欄
916,C110-5,在宅舌下神経電気刺激療法指導管理料を算定した場合,舌電,「在宅」欄
917,C111,在宅肺高血圧症患者指導管理料を算定した場合,肺,「在宅」欄
918,C112,在宅気管切開患者指導管理料を算定した場合,気,「在宅」欄
919,C112-2,在宅喉頭摘出患者指導管理料を算定した場合,喉摘,「在宅」欄
920,C114,在宅難治性皮膚疾患処置指導管理料を算定した場合,難皮,「在宅」欄
921,C116,在宅植込型補助人工心臓（非拍動流型）指導管理料を算定した場合,植心非拍,「在宅」欄
922,C117,在宅経腸投薬指導管理料を算定した場合,経腸投,「在宅」欄
923,C118,在宅腫瘍治療電場療法指導管理料を算定した場合,電場,「在宅」欄
924,C119,在宅経肛門的自己洗腸指導管理料を算定した場合,洗腸,「在宅」欄
925,C120,在宅中耳加圧療法指導管理料を算定した場合,中加,「在宅」欄
926,C121,在宅抗菌薬吸入療法指導管理料を算定した場合,抗吸,「在宅」欄
927,C150,血糖自己測定器加算を算定した場合,注糖,「在宅」欄
928,C150,血糖自己測定器加算の血中ケトン体自己測定器加算を算定した場合,ケト,「在宅」欄
929,C151,注入器加算を算定した場合,入,「在宅」欄
930,C152,間歇注入シリンジポンプ加算を算定した場合,間,「在宅」欄
931,C152-2,持続血糖測定器加算を算定した場合,持血,「在宅」欄
932,C152-3,経腸投薬用ポンプ加算を算定した場合,経腸ポ,「在宅」欄
933,C153,注入器用注射針加算を算定した場合,針,「在宅」欄
934,C154,紫外線殺菌器加算を算定した場合,紫,「在宅」欄
935,C155,自動腹膜灌流装置加算を算定した場合,自腹,「在宅」欄
936,C156,透析液供給装置加算を算定した場合,透液,「在宅」欄
937,C157,酸素ボンベ加算を算定した場合,ボ,「在宅」欄
938,C157 C159,酸素ボンベ加算及び液化酸素装置加算について携帯用又は携帯型を用いた場合,携,「在宅」欄
939,C158,酸素濃縮装置加算を算定した場合,濃,「在宅」欄
940,C159,液化酸素装置加算を算定した場合,液,「在宅」欄
941,C159-2,呼吸同調式デマンドバルブ加算を算定した場合,呼,「在宅」欄
942,C160,在宅中心静脈栄養法用輸液セット加算を算定した場合,輸,「在宅」欄
943,C161,注入ポンプ加算を算定した場合,注ポ,「在宅」欄
944,C161,注入ポンプ加算（在宅悪性腫瘍等患者指導管理料又は在宅悪性腫瘍患者共同指導管理料）を算定した場合,悪ポ,「在宅」欄
945,C162,在宅経管栄養法用栄養管セット加算を算定した場合,管,「在宅」欄
946,C163,特殊カテーテル加算の「１」を算定した場合,サ,「在宅」欄
947,C163,特殊カテーテル加算の「２」を算定した場合,カ,「在宅」欄
948,C163,特殊カテーテル加算の「３」を算定した場合,バ,「在宅」欄
949,C164,人工呼吸器加算のうち、陽圧式人工呼吸器を使用した場合,陽呼,「在宅」欄
950,C164,人工呼吸器加算のうち、鼻マスク・顔マスクを介した人工呼吸器を使用した場合,鼻呼,「在宅」欄
951,C164,人工呼吸器加算のうち、陰圧式人工呼吸器を使用した場合,陰呼,「在宅」欄
952,C165,在宅持続陽圧呼吸療法用治療器加算の「１」を算定した場合,持呼加１,「在宅」欄
953,C165,在宅持続陽圧呼吸療法用治療器加算の「２」を算定した場合,持呼加２,「在宅」欄
954,C166,携帯型ディスポーザブル注入ポンプ加算を算定した場合,携ポ,「在宅」欄
955,C167,疼痛等管理用送信器加算を算定した場合,疼信,「在宅」欄
956,C168,携帯型精密輸液ポンプ加算を算定した場合,肺ポ,「在宅」欄
957,C168-2,携帯型精密ネブライザ加算を算定した場合,精ネ,「在宅」欄
958,C169,気管切開患者用人工鼻加算を算定した場合,気鼻,「在宅」欄
959,C170,排痰補助装置加算を算定した場合,排痰,「在宅」欄
960,C171,在宅酸素療法材料加算を算定した場合,酸材,「在宅」欄
961,C171-2,在宅持続陽圧呼吸療法材料加算を算定した場合,持材,「在宅」欄
962,C171-3,在宅ハイフローセラピー材料加算を算定した場合,ハイ材,「在宅」欄
963,C173,横隔神経電気刺激装置加算を算定した場合,横電,「在宅」欄
964,C174,在宅ハイフローセラピー装置加算を算定した場合,ハイ装,「在宅」欄
965,C175,在宅抗菌薬吸入療法用ネブライザ加算を算定した場合,吸ネブ,「在宅」欄
966,D005,特殊染色加算を算定した場合,特染,「検査・病理」欄
967,D009の8,前立腺癌の確定診断がつかず前立腺特異抗原(ＰＳA)を２回以上算定した場合,未確,「検査・病理」欄
968,D014の23,関節リウマチの確定診断がつかず抗シトルリン化ペプチド抗体定性又は定量を２回以上算定した場合,未確,「検査・病理」欄
969,D018,嫌気性培養加算を算定した場合,嫌培,「検査・病理」欄
970,D025,基本的検体検査実施料を算定した場合,基検,「検査・病理」欄
971,D026,尿・糞便等検査判断料を算定した場合,判尿,「検査・病理」欄
972,D026,遺伝子関連・染色体検査判断料,判遺,「検査・病理」欄
973,D026,血液学的検査判断料を算定した場合,判血,「検査・病理」欄
974,D026,生化学的検査(Ⅰ)判断料を算定した場合,判生Ⅰ,「検査・病理」欄
975,D026,生化学的検査(Ⅱ)判断料を算定した場合,判生Ⅱ,「検査・病理」欄
976,D026,免疫学的検査判断料を算定した場合,判免,「検査・病理」欄
977,D026,微生物学的検査判断料を算定した場合,判微,「検査・病理」欄
978,D026,検体検査管理加算(Ⅰ)を算定した場合,検管Ⅰ,「検査・病理」欄
979,D026,検体検査管理加算(Ⅱ)を算定した場合,検管Ⅱ,「検査・病理」欄
980,D026,検体検査管理加算(Ⅲ)を算定した場合,検管Ⅲ,「検査・病理」欄
981,D026,検体検査管理加算(Ⅳ)を算定した場合,検管Ⅳ,「検査・病理」欄
982,D026,国際標準検査管理加算を算定した場合,国標,「検査・病理」欄
983,D026,遺伝カウンセリング加算を算定した場合,遺伝,「検査・病理」欄
984,D026,遺伝性腫瘍カウンセリング加算を算定した場合,遺伝腫,「検査・病理」欄
985,D026,骨髄像診断加算を算定した場合,骨診,「検査・病理」欄
986,D027,基本的検体検査判断料を算定した場合,判基,「検査・病理」欄
987,D205,呼吸機能検査等判断料を算定した場合,判呼,「検査・病理」欄
988,D206,血管内超音波検査加算を算定した場合,血超,「検査・病理」欄
989,D206,血管内光断層撮影加算を算定した場合,血光断,「検査・病理」欄
990,D206,冠動脈血流予備能測定検査加算を算定した場合,冠血予,「検査・病理」欄
991,D206,血管内視鏡検査加算を算定した場合,血内,「検査・病理」欄
992,D206,心腔内超音波検査加算を算定した場合,心超,「検査・病理」欄
993,D215-2,肝硬度測定を３月に２回以上算定した場合,複肝,「検査・病理」欄
994,D215-3,超音波エラストグラフィーを３月に２回以上算定した場合,複エ,「検査・病理」欄
995,D217,大腿骨同時撮影加算を算定した場合,腿撮,「検査・病理」欄
996,D238,脳波検査判断料１を算定した場合,判脳１,「検査・病理」欄
997,D238,脳波検査判断料２を算定した場合,判脳２,「検査・病理」欄
998,D241,神経・筋検査判断料を算定した場合,判神,「検査・病理」欄
999,D256,広角眼底撮影加算を算定した場合,広眼,「検査・病理」欄
1000,D294,ラジオアイソトープ検査判断料を算定した場合,判ラ,「検査・病理」欄
1001,D306 D308 D310 D312 D313,粘膜点墨法加算を算定した場合,墨,「検査・病理」欄
1002,D306 D308 D313 D317 D317-2,狭帯域光強調加算を算定した場合,狭光,「検査・病理」欄
1003,D415,経気管肺生検法のガイドシース加算を算定した場合,ガ,「検査・病理」欄
1004,D415,経気管肺生検法のCＴ透視下気管支鏡検査加算を算定した場合,CＴ気,「検査・病理」欄
1005,第１節 第１款通則１,時間外緊急院内検査加算を算定した場合,緊検,「検査・病理」欄
1006,第１節 第１款通則３,外来迅速検体検査加算を算定した場合,外迅検,「検査・病理」欄
1007,第３節内視鏡検査通則1,超音波内視鏡検査加算を算定した場合,超内,「検査・病理」欄
1008,第４部,電子画像管理加算（エックス線診断料、核医学診断料又はコンピューター断層撮影診断料）を算定した場合,電画,「画像診断」欄
1009,第４部,別の保険医療機関と共同でCＴ又はMＲIを利用している保険医療機関が、当該機器を利用してコンピューター断層撮影を算定した場合,画診共同,「画像診断」欄
1010,第４部通則３,時間外緊急院内画像診断加算を算定した場合,緊画,「画像診断」欄
1011,第４部通則４,写真診断について、画像診断管理加算１を算定した場合,写画１,「画像診断」欄
1012,第４部通則４,基本的エックス線診断について、画像診断管理加算１を算定した場合,基画１,「画像診断」欄
1013,第４部通則４,核医学診断について、画像診断管理加算１を算定した場合,核画１,「画像診断」欄
1014,第４部通則４,コンピューター断層診断について、画像診断管理加算１を算定した場合,コ画１,「画像診断」欄
1015,第４部通則５,核医学診断について、画像診断管理加算２を算定した場合,核画２,「画像診断」欄
1016,第４部通則５,コンピューター断層診断について、画像診断管理加算２を算定した場合,コ画２,「画像診断」欄
1017,第４部通則５,核医学診断について、画像診断管理加算３を算定した場合,核画３,「画像診断」欄
1018,第４部通則５,コンピューター断層診断について、画像診断管理加算３を算定した場合,コ画３,「画像診断」欄
1019,E004,基本的エックス線診断料を算定した場合,基エ,「画像診断」欄
1020,F100,特定疾患処方管理加算を算定した場合,特処,「投薬」欄
1021,F100,抗悪性腫瘍剤処方管理加算を算定した場合,抗悪,「投薬」欄
1022,F100,外来後発医薬品使用体制加算１を算定した場合,外後使１,「投薬」欄
1023,F100,外来後発医薬品使用体制加算２を算定した場合,外後使２,「投薬」欄
1024,F100,外来後発医薬品使用体制加算３を算定した場合,外後使３,「投薬」欄
1025,F100,向精神薬調整連携加算を算定した場合,向調連,「投薬」欄
1026,F200,初診料の注２、注３又は外来診療料の注２、注３を算定する保険医療機関において投与期間が30日以上の処方をし、薬剤料を所定点数の合計の100分の40に相当する点数で算定した場合 常態として、内服薬７種類以上を処方し、薬剤料を所定点数の合計の100分の90に相当する点数で算定した場合,減,「投薬」欄
1027,F200,１回の処方において、抗不安薬を３種類以上、睡眠薬を３種類以上、抗うつ薬を３種類以上、抗精神病薬を３種類以上又は抗不安薬及び睡眠薬を４種類以上投与した場合であって、薬剤料（抗不安薬、睡眠薬、抗うつ薬及び抗精神病薬に係るものに限る。）を所定点数の100分の80に相当する点数で算定した場合,精減,「投薬」欄
1028,F500,院内製剤加算を算定した場合,院,「投薬」欄
1029,-,厚生労働大臣の定める評価療養、患者申出療養及び選定療養第１条第４号又は第１条第６号に係る医薬品を投与した場合,薬評,「投薬」欄
1030,F400,特定疾患処方管理加算を算定した場合,特処,「その他」欄
1031,F400,抗悪性腫瘍剤処方管理加算を算定した場合,抗悪,「その他」欄
1032,F400,一般名処方加算１を算定した場合,一般１,「その他」欄
1033,F400,一般名処方加算２を算定した場合,一般２,「その他」欄
1034,F400,向精神薬調整連携加算を算定した場合,向調連,「その他」欄
1035,第６部通則６,外来化学療法加算１を算定した場合,化１,「注射」欄
1036,第６部通則６,外来化学療法加算２を算定した場合,化２,「注射」欄
1037,第６部通則７,バイオ後続品導入初期加算を算定した場合,バイオ,「注射」欄
1038,G004 G005,点滴注射及び中心静脈注射に係る血漿成分製剤加算を算定した場合,血漿,「注射」欄
1039,G020,無菌製剤処理料の「１」を算定した場合,菌１,「注射」欄
1040,G020,無菌製剤処理料の「２」を算定した場合,菌２,「注射」欄
1041,G020,無菌製剤処理料の「１」を算定した場合であって、閉鎖式接続器具を使用した場合,菌１器具,「注射」欄
1042,G100,特別入院基本料を算定している病棟を有する病院に入院している患者であって入院期間が１年を超えるものに対する同一月の投薬に係る薬剤料と注射に係る薬剤料とを合算して得た点数が上限点数を超える場合,その他薬剤,「注射」欄
1043,-,厚生労働大臣の定める評価療養、患者申出療養及び選定療養第１条第４号又は第１条第６号に係る医薬品を投与した場合,薬評,「注射」欄
1044,H000 H001 H001-2 H002 H003,早期リハビリテーション加算を算定した場合,早リ加,「その他」欄
1045,H000 H001 H001-2 H002 H003,初期加算を算定した場合,初期,「その他」欄
1046,H000 H001 H001-2 H002 H003,急性期リハビリテーション加算を算定した場合,急リ加,「その他」欄
1047,H001 H001-2 H002,脳血管疾患等リハビリテーション料、廃用症候群リハビリテーション料又は運動器リハビリテーション料の100分の90に相当する点数により算定した場合,リ減,「その他」欄
1048,H003-2,リハビリテーション総合計画評価料の「１」を算定した場合,リハ総評１,「その他」欄
1049,H003-2,リハビリテーション総合計画評価料の「２」を算定した場合,リハ総評２,「その他」欄
1050,H003-4,目標設定等支援・管理料の「１」を算定した場合,目標支管１,「その他」欄
1051,H003-4,目標設定等支援・管理料の「２」を算定した場合,目標支管２,「その他」欄
1052,H006,短期集中リハビリテーション実施加算を算定した場合,短リ加,「その他」欄
1053,H007-4,リンパ浮腫複合的治療料の「１」を算定した場合,リ複治１,「その他」欄
1054,H007-4,リンパ浮腫複合的治療料の「２」を算定した場合,リ複治２,「その他」欄
1055,I001 I002 I011,家族等に対する入院精神療法、通院・在宅精神療法又は精神科退院指導料を算定した場合,家族,「その他」欄
1056,I002 I002-2,通院・在宅精神療法又は精神科継続外来支援・指導料の特定薬剤副作用評価加算を算定した場合,副評,「その他」欄
1057,I002-2,精神科継続外来支援・指導料の療養生活環境を整備するための加算を算定した場合,精外療加,「その他」欄
1058,I008-2,入院中の患者に精神科ショート・ケアを算定した場合,他精シ,「その他」欄
1059,I008-2 I009 I010 I010-2 I015,精神科ショート・ケア、精神科デイ・ケア、精神科ナイト・ケア、精神科デイ・ナイト・ケア又は重度認知症患者デイ・ケア料の早期加算を算定した場合,早,「その他」欄
1060,I009,入院中の患者に精神科デイ・ケアを算定した場合,他精デ,「その他」欄
1061,I009 I010 I010-2,精神科デイ・ケア、精神科ナイト・ケア又は精神科デイ・ナイト・ケアの100分の90に相当する点数を算定した場合,精長減,「その他」欄
1062,I010-2,精神科デイ・ナイト・ケアの疾患別等診療計画加算を算定した場合,疾計,「その他」欄
1063,I011-2,精神科退院前訪問指導料の必要があって複数の職種が共同して指導を行った場合,複職,「その他」欄
1064,I012,精神科訪問看護・指導料(Ⅰ)を算定した場合,精訪看Ⅰ,「その他」欄
1065,I012,精神科訪問看護・指導料(Ⅲ)を算定した場合,精訪看Ⅲ,「その他」欄
1066,I012,精神科訪問看護・指導料(Ⅰ)の急性増悪により頻回な精神科訪問看護を必要とする患者に対して行った場合,精訪看Ⅰ急性,「その他」欄
1067,I012,精神科訪問看護・指導料(Ⅲ)の急性増悪により頻回な精神科訪問看護を必要とする患者に対して行った場合,精訪看Ⅲ急性,「その他」欄
1068,I012,精神科訪問看護・指導料(Ⅰ)の保健師、看護師、作業療法士又は精神保健福祉士と同時に精神科訪問看護・指導を行う場合,精訪看Ⅰ複訪看看,「その他」欄
1069,I012,精神科訪問看護・指導料(Ⅲ)の保健師、看護師、作業療法士又は精神保健福祉士と同時に精神科訪問看護・指導を行う場合,精訪看Ⅲ複訪看看,「その他」欄
1070,I012,精神科訪問看護・指導料(Ⅰ)の准看護師と同時に精神科訪問看護・指導を行う場合,精訪看Ⅰ複訪看准,「その他」欄
1071,I012,精神科訪問看護・指導料(Ⅲ)の准看護師と同時に精神科訪問看護・指導を行う場合,精訪看Ⅲ複訪看准,「その他」欄
1072,I012,精神科訪問看護・指導料(Ⅰ)の看護補助者と同時に精神科訪問看護・指導を行う場合,精訪看Ⅰ複訪看補,「その他」欄
1073,I012,精神科訪問看護・指導料(Ⅲ)の看護補助者と同時に精神科訪問看護・指導を行う場合,精訪看Ⅲ複訪看補,「その他」欄
1074,I012,精神科訪問看護・指導料(Ⅰ)の長時間精神科訪問看護・指導加算を算定した場合,精訪看Ⅰ長時,「その他」欄
1075,I012,精神科訪問看護・指導料(Ⅲ)の長時間精神科訪問看護・指導加算を算定した場合,精訪看Ⅲ長時,「その他」欄
1076,I012,精神科訪問看護・指導料(Ⅰ)の夜間・早朝訪問看護加算を算定した場合,精訪看Ⅰ夜早,「その他」欄
1077,I012,精神科訪問看護・指導料(Ⅲ)の夜間・早朝訪問看護加算を算定した場合,精訪看Ⅲ夜早,「その他」欄
1078,I012,精神科訪問看護・指導料(Ⅰ)の深夜訪問看護加算を算定した場合,精訪看Ⅰ深,「その他」欄
1079,I012,精神科訪問看護・指導料(Ⅲ)の深夜訪問看護加算を算定した場合,精訪看Ⅲ深,「その他」欄
1080,I012,精神科訪問看護・指導料(Ⅰ)の精神科緊急訪問看護加算を算定した場合,精訪看Ⅰ緊急,「その他」欄
1081,I012,精神科訪問看護・指導料(Ⅲ)の精神科緊急訪問看護加算を算定した場合,精訪看Ⅲ緊急,「その他」欄
1082,I012,精神科訪問看護・指導料(Ⅰ)の精神科複数回訪問加算を算定した場合,精訪看Ⅰ複,「その他」欄
1083,I012,精神科訪問看護・指導料(Ⅲ)の精神科複数回訪問加算を算定した場合,精訪看Ⅲ複,「その他」欄
1084,I012,精神科訪問看護・指導料(Ⅰ)の看護・介護職員連携強化加算を算定した場合,精訪看Ⅰ看介,「その他」欄
1085,I012,精神科訪問看護・指導料(Ⅲ)の看護・介護職員連携強化加算を算定した場合,精訪看Ⅲ看介,「その他」欄
1086,I012,精神科訪問看護・指導料(Ⅰ)の特別地域訪問看護加算を算定した場合,精訪看Ⅰ特地,「その他」欄
1087,I012,精神科訪問看護・指導料(Ⅲ)の特別地域訪問看護加算を算定した場合,精訪看Ⅲ特地,「その他」欄
1088,I012,精神科訪問看護・指導料の外来感染対策向上加算を算定した場合,精外感,「その他」欄
1089,I012,精神科訪問看護・指導料の発熱患者等対応加算を算定した場合,精熱対,「その他」欄
1090,I012,精神科訪問看護・指導料のサーベイランス強化加算を算定した場合,精サ,「その他」欄
1091,I012,精神科訪問看護・指導料の抗菌薬適正使用体制加算を算定した場合,精抗菌適,「その他」欄
1092,I012,精神科訪問看護・指導料の訪問看護医療DＸ情報活用加算を算定した場合,精訪DＸ,「その他」欄
1093,I012-2,精神科訪問看護指示料を算定した場合,精訪指示,「その他」欄
1094,I012-2,精神科訪問看護指示料の衛生材料等提供加算を算定した場合,衛材提供,「その他」欄
1095,I012-2,精神科訪問看護指示料の精神科特別訪問看護指示加算を算定した場合,精特指示,「その他」欄
1096,I012-2,精神科訪問看護指示料の手順書加算を算定した場合,精訪看手,「その他」欄
1097,I013,抗精神病特定薬剤治療指導管理料の「１」持続性抗精神病注射薬剤治療指導管理料を算定した場合,持精,「その他」欄
1098,I013,抗精神病特定薬剤治療指導管理料の「２」治療抵抗性統合失調症治療指導管理料を算定した場合,治統,「その他」欄
1099,I015,重度認知症患者デイ・ケア料を算定した場合,認デイ,「その他」欄
1100,I015,重度認知症患者デイ・ケア料の夜間ケア加算を算定した場合,夜ケ,「その他」欄
1101,I016,精神科在宅患者支援管理料を算定した場合,精在支,「その他」欄
1102,第９部通則５ 第10部通則12 第11部通則３,処置、手術又は麻酔の時間外加算を算定した場合,外,「処置」欄又は 「手術・麻酔」欄
1103,第９部通則５ 第10部通則12 第11部通則３,処置、手術又は麻酔の休日加算を算定した場合,休,「処置」欄又は「手術・麻酔」欄
1104,第９部通則５ 第10部通則12 第11部通則３,処置、手術又は麻酔の深夜加算を算定した場合,深,「処置」欄又は「手術・麻酔」欄
1105,第９部通則５ 第10部通則12 第11部通則３,処置、手術又は麻酔の時間外加算の特例を算定した場合,特外,「処置」欄又は「手術・麻酔」欄
1106,第10部通則14,「複数手術に係る費用の特例を定める件」（平成30年厚生労働省告示第72号）に規定する複数手術を同時に行った場合,（併施）,「処置」欄又は「手術・麻酔」欄
1107,第10部通則７,"手術の1,500グラム未満の児加算を算定した場合",未満,「処置」欄又は「手術・麻酔」欄
1108,第10部通則８ 第11部通則２,手術の幼児（３歳以上６歳未満）加算を算定した場合 麻酔の幼児（１歳以上３歳未満）加算を算定した場合,幼,「処置」欄又は「手術・麻酔」欄
1109,第11部通則２,麻酔の未熟児加算を算定した場合,未,「処置」欄又は「手術・麻酔」欄
1110,第９部第１節 第10部通則７ 第11部通則２,"処置の新生児加算を算定した場合 手術の新生児（1,500グラム未満の児を除く）加算を算定した場合 麻酔の新生児加算を算定した場合",新,「処置」欄又は「手術・麻酔」欄
1111,第９部第１節 第10部通則８,処置の乳幼児（６歳未満）加算を算定した場合 手術の乳幼児（３歳未満）加算を算定した場合,乳幼,「処置」欄又は「手術・麻酔」欄
1112,J038,人工腎臓の透析液水質確保加算を算定した場合,水,「処置」欄又は「手術・麻酔」欄
1113,J038 J038-2,人工腎臓又は持続緩徐式血液濾過の障害者等加算を算定した場合,障,「処置」欄又は「手術・麻酔」欄
1114,-,180日を超える期間通算対象入院料を算定している患者であって厚生労働大臣が定める状態にあるもの（「保険外併用療養費に係る厚生労働大臣が定める医薬品等」（平成18年厚生労働省告示第498号）第九のトに該当する患者）について胸腔穿刺又は腹腔穿刺を算定した場合90日を超える期間一般病棟に入院している患者であって特定患者に係る厚生労働大臣が定める状態等にあるもの（平成20年厚生労働省告示第62号別表第四に該当する患者）のうち、同別表第四の第七号に該当する患者について胸腔穿刺又は腹腔穿刺を算定した場合,洗浄,「処置」欄又は「手術・麻酔」欄
1115,-,90日を超える期間一般病棟に入院している患者であって特定患者に係る厚生労働大臣が定める状態等にあるもの（平成20年厚生労働省告示第62号別表第四に該当する患者）のうち、同別表第四の第八号に該当する患者について喀痰吸引又は干渉低周波去痰器による喀痰排出を算定した場合,頻回,「処置」欄又は「手術・麻酔」欄
1116,K014,皮膚移植術（生体・培養）を行った場合,膚,「処置」欄又は「手術・麻酔」欄
1117,K514-6,生体部分肺移植術を行った場合,肺,「処置」欄又は「手術・麻酔」欄
1118,K697-5,生体部分肝移植を行った場合,肝,「処置」欄又は「手術・麻酔」欄
1119,K780-2,生体腎移植術を行った場合,腎,「処置」欄又は「手術・麻酔」欄
1120,K920-2,輸血管理料Ⅰを算定した場合,輸管Ⅰ,「処置」欄又は「手術・麻酔」欄
1121,K920-2,輸血管理料Ⅱを算定した場合,輸管Ⅱ,「処置」欄又は「手術・麻酔」欄
1122,K922,造血幹細胞移植のうち同種移植を行った場合,造,「処置」欄又は「手術・麻酔」欄
1123,第11部通則２,麻酔の乳児加算を算定した場合,乳,「手術・麻酔」欄
1124,L009,麻酔管理料(Ⅰ)を算定した場合,麻管Ⅰ,「処置」欄又は「手術・麻酔」欄
1125,L010,麻酔管理料(Ⅱ)を算定した場合,麻管Ⅱ,「処置」欄又は「手術・麻酔」欄
1126,第12部,放射線治療料を算定した場合,放,「その他」欄
1127,第12部通則３,小児放射線治療加算（新生児）を算定した場合,新,「その他」欄
1128,第12部通則３,小児放射線治療加算（３歳未満の乳幼児（新生児を除く））を算定した場合,乳幼,「その他」欄
1129,第12部通則３,小児放射線治療加算（３歳以上６歳未満の幼児）を算定した場合,幼児,「その他」欄
1130,第12部通則３,小児放射線治療加算（６歳以上15歳未満の小児）を算定した場合,小児,「その他」欄
1131,M000,放射線治療管理料を算定した場合,放管,「その他」欄
1132,M000-2,放射性同位元素内用療法管理料を算定した場合,放内,「その他」欄
1133,M001,体外照射の画像誘導放射線治療加算を算定した場合,画誘,「その他」欄
1134,M001,体外照射の体外照射呼吸性移動対策加算を算定した場合,体呼,「その他」欄
1135,M001-3,定位放射線治療呼吸性移動対策加算を算定した場合,定呼,「その他」欄
1136,M004,密封小線源治療に当たって、気管・気管支用アプリケータを使用した場合,気アプ,「その他」欄
1137,M004,密封小線源治療に当たって、食道アプリケータを使用した場合,食アプ,「その他」欄
1138,N002,免疫染色（免疫抗体法）病理組織標本作製について、確定診断のために４種類以上の抗体を用いた免疫染色が必要な患者に対して、標本作製を実施した場合,４免,「検査・病理」欄
1139,N006,病理診断料の組織診断料を算定した場合,判組診,「検査・病理」欄
1140,N006,病理診断料の細胞診断料を算定した場合,判細診,「検査・病理」欄
1141,N006,病理診断管理加算１を算定した場合,病管１,「検査・病理」欄
1142,N006,病理診断管理加算２を算定した場合,病管２,「検査・病理」欄
1143,N007,病理判断料を算定した場合,判病判,「検査・病理」欄
1144,O000,看護職員処遇改善評価料１～165を算定した場合,"看処遇●（※●は１から165の算定する数字を記載）",「その他」欄
1145,O100,外来・在宅ベースアップ評価料（Ⅰ）初診時を算定した場合,外ベアⅠ初,「その他」欄
1146,O100,外来・在宅ベースアップ評価料（Ⅰ）再診時を算定した場合,外ベアⅠ再,「その他」欄
1147,O100,外来・在宅ベースアップ評価料（Ⅰ）訪問診療時のイを算定した場合,外ベアⅠ訪同,「その他」欄
1148,O100,外来・在宅ベースアップ評価料（Ⅰ）訪問診療時のロを算定した場合,外ベアⅠ訪他,「その他」欄
1149,O101,外来・在宅ベースアップ評価料（Ⅱ）１～８の初診時又は訪問診療を算定した場合,"外ベアⅡ●（※●は１から８の算定する数字を記載）",「その他」欄
1150,O101,外来・在宅ベースアップ評価料（Ⅱ）１～８の再診時等を算定した場合,"外ベアⅡ再●（※●は１から８の算定する数字を記載）",「その他」欄
1151,O102,入院ベースアップ評価料１～165を算定した場合,"入ベア●（※●は１から165の算定する数字を記載）",「その他」欄
1152,第３章,施設入所者自己腹膜灌流薬剤料を算定した場合,灌薬,「在宅」欄
1153,第３章,施設入所者共同指導料を算定した場合,施設指導,「その他」欄
